{
  "accuracy": 0.6334448160535117,
  "macro_f1": 0.6311486111664601,
  "per_class_f1": {
    "negative": 0.7092198581560284,
    "neutral": 0.4854771784232365,
    "positive": 0.6987487969201155
  }
}